"reitur","tog_nr","catch","catch_min","catch_max"
310,1,41.480124876814,22.9092565152305,68.0255115351945
310,11,32.7004945405392,12.5934863557887,46.8930928583127
311,1,148.716462305191,93.3903365665259,198.434815745628
311,2,56.0565835833108,18.5375818456048,91.3453461121709
311,11,26.9670493362643,5.02735635578865,54.4516526628404
311,12,43.2039581088296,38.7332824490992,50.1885587865764
311,31,195.8269105362,54.2569627492763,291.999858235783
312,1,110.765322209925,58.6555982194636,152.020367367156
315,1,494.764399265248,330.796240102273,646.925293647832
316,1,1845.71202792841,1224.35916231061,2425.20162087454
316,11,789.544639283552,290.656301814005,1624.59759059083
317,1,1127.68908787754,763.834709354903,1466.63062264976
317,11,1034.71108554623,498.46339983783,1553.34510232327
317,12,1291.3738718662,1113.96325368055,1405.43307502424
318,2,4100.13203699061,1814.98171089598,5566.46100526048
318,11,2647.43451023757,7.51484594645103,6832.74732596776
319,1,434.81761039646,123.998793802787,843.309234508536
319,11,295.208852985957,36.7290169033658,717.413191298177
319,12,1510.6381829162,1245.07224667265,1905.43072865353
319,31,1790.62566002985,254.470556015757,3511.9761282884
319,32,1511.98316517831,552.563989535748,3116.87543692804
319,35,2960.02961822446,1421.63309403193,4732.67578657761
319,36,579.521412830817,304.915883391508,914.85066939442
320,1,321.119625661493,210.597072255484,478.275943822988
320,3,1912.76966099246,1349.84459268585,2660.17580502729
320,4,853.981782308363,329.03217356277,1683.54611074085
320,11,642.136235823907,530.178160518833,768.538986608174
320,12,768.101097320282,657.615369994109,854.986131584573
320,13,1050.4694095179,206.11344018818,1616.24640825293
321,1,1936.42403175938,681.041291388626,3114.26005577711
321,2,495.500461438151,394.59573818414,684.733718259363
321,3,505.35112052567,354.978664985785,608.500196731933
321,4,773.584538162881,364.584407142736,1451.18031287949
321,11,1874.10616702609,803.448806674565,3978.79766448946
321,13,748.714202014752,498.203327275331,1020.04692410986
321,31,489.902938081854,230.238042682968,844.526564500167
322,1,641.298949527623,389.877454775119,781.198327617917
322,2,864.121379000144,436.006676676761,1233.75521865186
322,3,2078.86961022911,739.149070267846,2764.33796397883
322,11,2009.13545776635,1408.27575041523,2953.20757709414
322,12,1165.47459682819,416.615573006722,2542.453448011
322,13,445.693218448131,257.355096235349,648.321952881712
323,1,370.334691159547,59.6925063970384,724.233049208998
323,2,1907.80926566249,869.336921493089,2827.55012632927
323,11,1300.70930351598,356.166958392909,3167.97293636913
323,12,626.874795695513,268.820716871116,1185.53495928266
323,13,1170.37569800034,471.029374686477,1548.1688523856
324,1,7313.60683880411,608.411473015064,16859.4190461184
324,2,1405.42337708741,950.044367049193,1752.89941008938
324,3,1239.80026280562,632.067006380641,2449.94787824508
324,11,6702.85714540119,1568.04726602856,11568.1933726308
324,12,5716.7324895599,4125.4796756938,7995.67869285532
324,13,2306.90128338971,824.800374638541,4500.18037072283
360,1,15.5882235891504,8.15551766945381,20.7968062754133
361,1,198.991930658051,112.655511180607,289.501384786194
361,2,422.724829783462,248.541004907981,769.681028709375
361,11,40.2192556211013,18.559451674812,51.1433373479898
361,12,143.290219666047,56.8697144359322,203.316731324647
362,11,228.698100840078,200.8065649292,269.578324806436
363,11,367.850683266096,72.143485746612,798.990964987632
364,1,2082.96394977516,460.26146199804,3675.99830580467
364,2,1152.28540717117,636.371262377748,1816.21542464815
364,11,417.207252637967,215.34719942981,568.806466091715
364,12,508.866824523582,236.74357538527,775.339527878881
365,1,414.476326664707,67.863306407402,721.247402602208
365,2,1403.83858753124,881.736205410299,1741.06534588244
365,11,256.05071428025,158.219208484613,308.531952211424
365,35,320.465166183441,44.1660414183982,608.972917162127
366,1,6750.83988789891,2004.38640749469,15910.3261168488
366,2,7836.21616712957,1884.87199190186,11669.7218838518
366,11,934.840363978074,452.063637529048,1703.06101351879
366,12,165.734370481356,134.240560011227,216.741302410601
367,1,5302.58922498929,296.561504309633,10461.4562125372
367,11,411.412505788183,401.644800224172,422.751496384781
367,12,358.052462587208,180.984427719697,623.83708045425
367,31,867.42308524235,722.166310303961,958.301151682336
367,35,4714.76282057801,781.9130628311,11972.7668382007
370,1,5809.58729590956,2148.64832308469,11967.4655104301
370,11,685.489669755019,403.935817247399,910.513001976615
370,31,1065.09043030675,365.929220411976,2134.28751693535
371,1,660.249533429033,502.747452203639,806.834403596986
371,2,436.170181865163,402.323060751709,465.548341694847
371,11,679.62937047006,382.506649990516,1049.9679024507
371,12,475.389001929417,304.417591908437,634.343839283846
371,31,284.705339625112,198.65340579208,428.636749315171
371,32,314.100909820752,123.546731901984,495.538938928983
372,1,965.090181377818,462.992620629703,1314.05854261549
372,2,744.152172915472,227.901174416692,1597.46192046933
372,11,1067.64537320907,369.777362142886,2322.03658597635
372,31,860.754902522684,655.258911213388,1168.46387384942
373,1,1078.30909615028,744.358983229943,1384.27674254607
373,3,535.592202800847,379.159259369563,646.676871772745
373,11,312.780906773278,197.168164593827,410.037210282158
373,12,639.695599114128,334.971962199232,1065.56223253494
373,13,521.263550690512,180.828872977708,772.223168789068
374,1,1444.36627925693,684.641478218478,2658.87278924742
374,2,2186.69912565459,1032.74558244505,4421.32577651032
374,3,1808.69993461177,669.829253295514,3551.66604007373
374,11,712.421985866627,491.960439686993,932.731795048285
374,12,1122.07355214148,541.619614740586,1497.47517630725
374,13,314.807288253093,162.416232814012,401.51289576071
375,1,1170.84558123004,545.550889350268,2407.31836187589
375,11,13517.3848390984,6090.28186898638,20086.979568553
376,1,13661.1261107664,9565.12791620563,17172.0325785379
410,11,52.1259723388138,12.6256181149381,78.4345693190099
411,1,747.306777281096,306.187352808619,1281.98607992051
411,2,286.614381313153,119.559414091273,524.114593586108
411,3,312.147367716422,151.775230254878,426.749234636286
411,4,257.131086599854,133.078618627309,391.749446462665
411,11,126.992171355852,97.4487729233814,178.698755338759
411,12,121.5801538649,84.4024563369325,158.194831411965
411,13,231.403558172367,196.273673696314,286.350040835903
411,14,158.722565360265,55.4252217914051,292.682908623178
412,1,473.733162565962,225.239827309884,777.964138746679
412,2,1337.8326229046,275.223785394926,2977.73543449368
412,3,429.772361199824,128.857238369147,590.064663799785
412,4,1297.10487957752,581.114865507734,2725.6111885566
412,5,546.611384779487,297.547950834045,727.066574514971
412,6,938.073196599111,407.145254447793,1429.63529037411
412,11,522.736336341458,488.463105603474,566.865797173439
412,12,770.173892503673,504.761580754003,1272.82892050497
412,13,1151.65832652383,882.942794207454,1678.59617508017
412,16,134.473642477867,64.2735526260084,200.125081759685
413,1,527.878656009588,336.395894430841,831.235127944794
413,2,1444.57786043664,1114.14214648559,1968.0131102851
413,3,299.734767442646,73.3167029191316,635.531662468207
413,4,472.711165751785,394.009242316008,625.042578542248
413,5,589.698903025226,319.826209088884,778.368668666521
413,6,368.170132937888,207.39828162845,459.682491808627
413,7,204.170170805867,108.725027228187,312.486889594259
413,11,138.483184841829,107.636287708764,175.781695829712
413,12,482.57507152456,359.582441699995,589.67003598149
413,13,449.224182901095,192.780738934176,944.473799104368
413,14,205.669170575155,33.2531351416075,296.245272322816
413,15,420.095692335354,396.957125643247,442.164768952158
413,16,539.506308812541,443.68148892236,699.947347958276
413,17,201.176525267095,56.9733915612679,280.512767752646
413,18,423.65732099866,339.414199350108,586.347119113841
414,1,644.176722909686,263.58601094536,1004.90673888569
414,3,394.145214097838,268.938737064435,567.106626279627
414,11,557.397622419929,293.479607094455,718.961983626356
414,31,756.146488348485,588.721481791892,943.51885650777
415,1,358.36533900762,283.967913319906,466.561320928005
415,31,502.241589140024,347.494988889957,613.308588684963
421,35,646.402025641065,184.201816699068,929.924050297996
422,1,686.800696861713,360.825565761198,1185.68174498506
422,11,828.792275459867,515.497040172217,1292.2907727804
422,12,960.907686533968,521.130127097404,1326.37956386972
422,31,2292.89934189456,431.91564423386,5668.10884891454
422,32,707.312349967692,77.8387208179103,1965.52078094139
422,35,481.601814300825,344.289005578925,756.150486178371
422,36,1464.95839274,931.172249577998,2443.91536357831
423,1,380.068876807997,177.049377458437,547.108106552971
423,2,440.633951754892,331.438928549153,609.781550002465
423,3,328.853680846843,256.285820828144,463.177559851651
423,11,680.468866562749,353.092751774412,1132.44088986586
423,12,646.162774120322,592.111250300943,747.589901245534
423,13,1971.77832251554,402.536264278325,3271.98891035482
424,1,1608.62149986025,468.492638867449,3046.34557091367
424,2,701.379095887801,296.16160567173,910.881741855308
424,3,680.193271262242,468.79761514024,1051.62694733636
424,11,1205.67791491806,704.201545662607,1520.15963730632
424,12,469.854289208052,174.03933530033,789.984071750139
424,13,571.939249986352,233.072460807052,901.99600535469
425,1,1041.43296739704,602.527431434498,1336.35008007487
425,2,1607.57249163164,873.995768303169,2713.8939279609
425,11,1663.45476024132,1255.20121343587,2121.13557353287
425,12,2439.86558478332,957.195466918797,4195.33538689337
426,1,1498.59035501537,932.651738134281,2349.27325724169
426,2,1723.8547875933,687.337019557619,3137.56811910607
426,11,617.293017174181,278.10049703755,989.365116111038
426,12,334.60300818728,229.688956297746,405.499830851666
460,1,83.5921067731583,51.5157321957016,136.231245769288
461,1,481.82759980779,229.375046070063,943.813711436581
461,2,323.835230106184,193.731807496884,434.621131274902
461,11,30.8397610337446,18.8512522542291,44.8450785647599
461,12,34.2898625320606,1.33385708391192,73.1450302864597
461,15,110.588200195308,77.1673250093032,139.032195642457
462,1,959.57749090066,250.270772643956,1967.02158806192
462,2,733.001673470195,243.887344736573,1703.68485028381
462,3,1035.52476547805,153.200120851683,2533.38081399647
462,4,613.970841729578,432.147593600867,867.509691539463
462,5,365.815472787029,185.696925097577,661.039187373122
462,6,863.441428611529,499.160686189236,1294.87404757192
462,7,714.687402383957,197.329850722173,1180.53350834412
462,8,1181.28681117308,37.0706606918611,2934.39770176435
462,13,329.491724352341,111.478394286498,687.801470561947
462,17,597.749792001036,380.019027082245,928.555722940075
462,18,577.847478447637,112.213236369578,907.779612854041
463,1,749.121845560923,222.477402714358,1537.48264439227
472,11,157.987466348891,85.6621612872795,281.144401813766
473,1,954.550233334931,569.525636122551,1246.89783519584
473,2,296.255742022362,169.116812062157,454.281582716638
473,11,486.43633912448,256.104876066713,662.820861175311
474,1,7547.11763450699,2399.77966982228,10423.6951125859
474,2,474.54751387991,78.0395632015782,721.731326090041
474,4,621.782378148906,209.463189567577,1145.97540566643
474,11,381.597415370584,285.555784353611,518.367284875203
474,12,1298.95341158631,807.655745626478,1955.66319043208
474,13,740.015711380787,476.460875271605,1096.08541059428
474,31,1215.05966020292,286.666946811186,2309.97251424575
475,1,1050.04633442193,289.849666111964,1540.27876976591
475,2,372.159560913389,271.135912076037,440.259379815509
475,3,315.04035906564,187.840335987525,564.600588838431
475,11,473.061466612033,206.955268141049,829.457502902186
475,12,1898.93920739206,753.28439513923,2518.60214552366
475,13,327.384221119386,224.864768123336,451.084991193331
476,1,2232.76434341614,556.505545493997,4963.46314461715
476,2,840.361261392199,456.763176678334,1366.26507981787
476,3,383.194551378836,281.640773362622,519.614544883426
476,11,526.172178016375,372.589953570434,635.752370446981
476,12,1175.00760925323,430.642166375317,2553.90162301798
477,11,315.463293592512,215.645961098658,443.561784916752
511,1,460.462726475839,228.351360951127,887.592860014852
511,2,2610.74965239598,204.023412799745,6322.51055777008
511,11,341.004930324177,52.18177,862.564641770855
511,12,513.147039390719,202.022016366462,768.159599992421
511,13,204.925487480849,70.48993769015,393.052047205571
512,1,239.767759505773,154.816917496106,352.201316819255
512,2,205.518166448115,126.875816769815,275.98277126898
512,3,794.704081639259,453.030517530353,1233.13983766071
512,5,393.279774772816,234.396625513673,478.230473653682
512,6,269.112242344192,72.0962428267417,508.331369576232
512,7,557.715628320633,171.899881163698,806.829848525996
512,11,507.014719918733,351.707846984934,701.044536196369
512,12,396.75702399422,101.50977051908,564.56190784987
512,13,382.523143791952,342.48434601806,438.887817979409
512,14,264.937998472757,93.814162321792,417.85866934245
512,15,124.50311777832,40.989514719942,251.560211343321
512,16,125.501019385695,42.7382494123381,183.036053696792
513,2,286.328033215495,54.2659973985069,498.901191177788
513,11,498.864455691604,245.087172987565,759.654423739287
521,35,6.65198903944689,3.62236793443528,12.5462672764151
521,36,145.05882567955,37.34701,359.823798089432
523,1,1748.17514926322,590.433669224963,3311.77609908867
523,12,739.042638385929,563.171512294339,961.202624345915
523,31,561.645533664371,382.968625209188,709.299099245941
523,35,1671.8918068833,378.102903712549,3025.80676671711
523,36,816.95670373033,460.766907931307,1321.86211398033
523,37,687.767191489729,335.516450108646,1119.35033199219
523,38,701.409656548755,395.457893892977,997.305852326891
524,1,754.626527468151,137.635911676174,1098.42665502838
524,2,622.021245702017,292.620684410353,1200.04263938398
524,11,836.284750972093,479.536093679502,1470.02323990317
524,12,553.52257901946,539.919916066739,576.389365812773
525,1,264.926369619241,207.590670884177,322.078855919375
525,3,254.535508878747,190.132700336509,325.653829088269
525,11,663.951732520353,540.398650671458,879.681015065386
525,12,441.942180103658,173.147004883642,703.169466651087
525,13,417.043944646965,276.126085327492,544.848177802578
525,14,329.782064292801,329.782064292801,329.782064292801
526,1,507.605652937898,230.75092206678,654.764189612446
526,2,1098.55891237773,436.95453336992,1938.95139717584
526,3,565.445065228367,325.215468607211,805.354223344747
526,11,2421.62371228207,488.830126155885,4257.71847333129
526,12,528.202411844379,266.700403977741,735.380782962629
526,13,566.395030569359,380.318250240905,688.629428989782
527,1,804.333221243888,472.821488322985,983.422871149803
527,11,5266.55689154664,2457.32132210519,9783.66615541277
561,1,680.543305104401,389.295307681431,1082.20324596433
561,2,276.203722799696,174.616511462163,406.268053928289
561,11,211.304264833157,53.774688559717,503.577362943415
561,12,121.218392414194,39.4837937489797,273.195098547093
562,1,215.999635652348,47.9109954643058,533.629710377879
562,2,134.539486556123,110.844271750289,169.463537813233
562,3,257.353899207589,139.671125024241,412.59159554429
562,4,1050.65981370793,436.96563160893,1657.92419468101
562,5,357.131277146058,251.195727694563,551.768025373357
562,6,131.807063114158,55.02353,235.126403069177
562,11,182.29462812538,22.3625926851412,477.465011690999
562,12,55.6854780762598,11.2072673401101,130.504954300575
562,13,120.694676322765,112.721497459947,134.380767050624
562,15,74.6183253493725,38.621213660641,98.5408600178437
562,16,85.2415581377021,16.7476872477957,183.01235655914
563,1,80.2750696605132,64.7994674798642,88.9915255815012
563,2,449.109611364847,216.552849837417,755.606426254115
563,11,128.148709454024,53.9311957434998,220.411690153933
563,12,39.3188949074963,16.7615393894325,51.704848430398
563,13,111.044533703248,93.6306314316536,138.536846116804
564,1,603.122671316418,179.260559945009,1418.86123910503
568,1,243.534961995918,10.5823300148002,657.352677596824
569,11,58.9498044270997,41.1797507365672,71.3077483883073
569,35,65.3563447510001,23.8502621903082,124.998166833814
570,1,159.355842381817,92.2757902208436,234.262739850203
570,2,96.4852883018339,53.0672141777796,133.993834020361
570,11,289.754357560742,213.389434077455,435.352692864739
571,1,1802.43074419605,413.112460618338,3057.77734180559
571,11,31.3111390158117,11.973584625557,56.9500153909561
571,35,220.017190621492,144.015117439826,286.518872767485
573,11,318.169959927608,192.831957901885,442.389804187436
574,2,1933.22310441676,1471.16597579074,2787.14654395047
574,3,401.588444202462,157.382628975456,643.514897385374
574,4,387.075912271514,146.941595002609,685.124915836915
574,5,924.350479476502,149.24225341907,1322.0812788714
574,13,1332.06235355062,808.018382859206,1779.0386572985
574,14,274.47932363012,212.764823340006,390.384273450122
574,15,205.223239132911,72.5298381340757,352.093501935063
574,36,184.890576096619,8.71285346397191,459.592204346181
575,1,472.908712231365,269.919410777575,831.092256903658
575,2,696.170135104982,258.034915280226,1425.75378905249
575,3,942.481526920248,320.106727078608,1344.19933348341
575,4,439.862558599429,349.183330825459,567.381193217937
575,5,1230.20361738569,213.507584610643,1923.24958895242
575,6,731.703147209937,424.346271813138,1073.03115418222
575,7,320.530663553051,249.037304774577,381.516651115753
575,11,890.976191754995,301.841375791757,1914.74866360961
575,12,358.674491996699,169.663675322529,709.262456782162
575,13,1037.59671203093,635.195067249197,1756.44796398266
575,14,280.058292935074,156.751046008218,403.36553986193
575,16,914.92825752027,760.635332056566,1017.56879360378
576,2,1778.20397679976,1068.05184175598,2162.87890659827
576,3,884.728525876041,282.176531993115,1388.48516501542
576,4,354.974792138015,240.284827629865,500.83626753753
576,5,500.54988134025,450.236586866297,551.77221524973
576,6,304.863855232084,226.947920093938,414.166990121211
576,11,4839.28244272745,4430.43275219893,5457.63883522494
576,12,7458.11969542018,4090.19277988356,9637.29913206302
576,13,2684.25615843796,1661.92233134321,3754.52715539972
576,14,2572.16605069547,1743.94824668083,3518.95723410592
576,15,551.080919397764,457.459482079013,655.037392785532
576,16,224.562938113463,105.506462721558,312.809126912003
611,1,366.45863978711,37.8779130792835,582.859717819239
611,11,1281.98764772235,498.851710385429,1738.17315661925
612,1,2784.72856901622,1740.26045622883,4570.33915625021
612,2,176.367616083453,86.5909952280267,325.929098393244
612,3,606.935671978269,261.395304684269,1006.63225306584
612,4,762.285242660066,283.339122329162,1477.15319846139
612,11,125.325961114561,119.011427709983,133.39608568705
612,13,162.326835933807,17.9512384513363,448.935994097188
613,1,431.798466124197,322.849755599369,617.687281389386
613,2,481.531910610923,37.9534200681652,756.940695432306
613,3,257.168602767408,226.226513640438,291.517406464206
613,11,820.919172619843,158.033664673828,1219.89188552658
613,12,518.178690934646,256.75046822689,914.410199269222
613,13,93.6016706303865,73.7118181111639,113.008354714345
613,14,191.280861184245,137.143713158273,244.499531683721
614,1,205.285328446471,167.42358071765,248.505637877035
614,2,107.252623820593,44.2720735979313,204.850188717504
614,4,111.890351884141,91.1402547275747,132.034447617888
614,11,191.635829979746,66.8291600107061,284.021650959323
614,12,201.325052826576,108.457919334687,345.775636721074
614,13,1835.04594086913,863.734412327851,3309.31230320098
615,1,516.65801147788,353.217253367279,780.351822350742
615,2,323.04801958266,77.7589904157858,542.095245779911
615,11,1005.34521612402,257.20252031098,2276.03787740817
615,12,163.796193037974,80.0242300755314,315.288069635724
616,1,483.141672181489,97.5019290692397,753.807486371253
616,11,137.248157442965,94.4475888475075,216.544508840432
617,1,247.919012552777,151.552859464226,372.195243265639
617,2,1354.29945310099,663.635296093818,1954.21675402922
617,3,396.462430788689,205.825531252922,585.072458572641
617,11,524.135970399896,320.187833407606,658.738514193267
617,12,359.255949439932,164.545032968782,549.26073082431
617,13,468.952034825168,293.280021853205,582.568572393253
617,36,72.295535953314,58.4998260807605,92.7563342483661
618,2,564.673821580492,412.447428964428,703.033467390303
618,3,421.35706435795,322.337128890508,597.024748656446
618,11,1061.60343403493,616.781277532061,1531.10451442744
618,12,365.680500483411,266.404758558318,483.276526604182
618,13,32.3365544099382,19.2279179255404,47.1962095518048
618,14,24.2804434406896,16.5790387209358,34.8815873157947
619,1,335.001475823087,305.848182018342,386.705818491579
619,2,1056.56629574346,687.506296391583,1785.91656579022
619,3,413.966832961456,135.483073165158,829.47165017623
619,4,1092.05556858664,539.707313736686,1396.96524918799
619,11,79.4780138208407,38.1705556441133,150.344608450582
619,12,425.416038543046,149.933232264411,694.543215982357
619,13,207.122072487239,127.813868006912,336.208029670593
619,14,896.181377958054,285.215823782679,1368.71149548775
619,15,88.6611955932777,74.8742141478075,112.25684197723
620,1,415.776014585721,117.675459665126,940.497350981812
620,2,155.344360533823,78.2063370093746,303.569732819186
620,11,593.50577741102,189.437874551831,944.506562340617
620,12,534.646741225789,117.430354471517,1027.42817268374
621,1,771.095867294957,198.468432619964,1302.85600408677
621,2,742.364121731524,677.307019121725,855.868136688753
621,3,69.3459854843426,47.2806177970845,110.264931208095
621,4,372.426010343883,233.911119669289,547.59485214502
621,11,530.775661712334,368.433813332149,688.607522698781
621,12,552.307626917377,164.416143945917,810.969513700621
621,13,682.718221007524,234.573506789163,1327.14648935474
622,1,40.322312914532,27.0194007822737,53.3827118483961
622,11,41.3791324405211,40.8781123117112,42.0061573330583
623,1,1817.67978884144,401.674509798422,4024.83788202057
623,2,1094.1516956404,747.641605612679,1439.6968742259
623,3,935.090692721197,194.627236462724,2119.7173473919
623,4,600.588402429782,458.718568744584,855.856946442666
623,5,815.19964791672,371.378418326958,1102.14080039737
623,12,76.7601264817803,47.7037833408027,129.574592275862
623,13,563.219062940409,211.683058550415,905.801260103558
623,14,1144.73491776163,683.497181693524,1894.86061285384
624,1,276.838692684154,230.061076781249,358.535521217246
624,2,307.800196247187,230.332604657345,418.680669733491
624,3,475.259282137817,339.734585436768,673.276287862878
624,4,474.2044192637,261.299202521963,700.345161327782
624,5,2461.15935253724,1699.3161983751,3147.45061796276
624,6,279.643427976287,124.283104484246,498.901635611368
624,11,553.000015396641,102.181406113178,856.373434894973
624,12,683.329064114022,272.993155545692,1128.66426164345
624,13,472.055994833973,294.766726691044,613.946158727173
624,14,370.211865587666,231.632689572213,512.148655487718
624,15,479.019731270335,175.943265511032,937.822796981629
624,16,849.70465448982,325.072409348667,1439.00306678302
624,17,690.86049052831,214.707704402095,929.623791311984
625,1,333.751748151473,200.217306999985,513.103120833925
625,2,465.620734349032,254.159060717286,801.121794064893
625,3,1446.47847882786,826.870168265224,2657.892979482
625,4,994.964680820565,221.240607114773,2360.16080274833
625,5,625.948347090938,398.603960244494,825.256379099774
625,6,456.27847338493,224.215633490741,827.013228149217
625,7,1053.25786949044,599.634482814451,1679.95922201033
625,11,1508.3798779908,754.379725282789,2871.72149682865
625,12,702.802438699096,383.951340825544,1098.03598126377
625,13,268.285150575635,201.21179371611,336.003262368926
625,14,1622.63768490288,410.110331566057,3340.87526822842
625,15,395.142994866273,309.766439805777,441.270687376406
625,16,607.651602940395,358.124500310221,985.654068294116
625,17,637.349806533344,436.21522045267,763.400241831207
626,1,608.152356089366,218.467407140597,919.290027889921
626,2,347.111692991655,70.1974160739027,879.112701697951
626,11,1047.85304641905,628.37615481894,1337.95484549486
626,12,950.963762291612,251.494840089233,1633.6932387456
662,1,737.015560955718,451.593174433347,986.053199130278
663,1,412.923103838603,82.8952507230073,998.690239032947
663,2,242.936094272238,122.122904828235,315.874997516676
663,3,272.63613899848,66.6030281963818,650.107750914566
663,4,63.6818398919679,30.7809463083749,114.269131303953
663,11,293.508635628407,176.670269093236,377.609188602015
663,12,734.047957596357,537.248451880709,890.258853909192
663,13,329.086383268989,258.69904807428,452.762001226994
663,14,398.22735023581,331.423058848204,460.062661459664
664,1,138.516380613765,49.751997805853,250.810702792944
664,2,1131.43512703645,481.82788809083,2142.18981855067
664,3,1186.66939300062,270.64527223012,2791.87308752312
664,4,125.563652212419,43.9084107801452,195.342761479269
664,11,624.4820268014,585.27747922361,647.698660249468
664,12,319.52269997415,155.140682023094,510.380209868591
664,13,345.16300993306,116.728493237413,731.780615024959
665,1,356.702651423575,247.437351471102,419.381039290921
665,2,348.137377472693,198.22628167814,553.846245450671
665,3,210.206606656784,158.039233282026,308.261666128687
665,4,677.134961612853,67.3343359938284,1695.68465857061
665,5,787.625557303296,296.796830867052,1565.90051901071
665,11,714.279762187058,191.656193265732,1155.30791117247
665,12,454.08706784152,58.2905077437439,895.509384819888
665,13,183.398944129758,103.713666675117,242.7034398811
665,14,271.812589869922,137.658289101943,451.999788232171
665,15,604.367640171449,59.4026957258169,1639.71991154817
666,1,337.487359788167,112.708868518896,674.458972809099
666,2,763.012968212575,288.864732126362,1202.92727471869
666,3,431.592790340559,105.385733155519,921.651017923416
666,4,742.976447489306,464.934851010984,1155.4341251459
666,5,273.244728738857,92.0006592245915,536.921644602687
666,11,292.631143796027,67.3465316472018,678.196592618149
666,12,1794.98499504734,131.353606007116,4419.51098570474
666,13,325.208001994911,104.734674172111,559.379774233019
666,14,246.238076952647,163.180495500601,408.060651229699
666,15,4412.64436514623,132.65365478706,12572.2804144852
667,1,939.819108429131,555.26205017137,1307.59309086981
667,11,103.320248401344,92.348678386285,123.85637991683
667,12,455.26892037567,230.903901587515,808.325522898512
667,13,409.383566055493,310.206117236596,462.973909202418
667,14,825.932215119726,559.871402826816,1018.27303947307
667,35,450.681639348055,245.284963884095,707.889615068433
668,1,1726.3863786243,994.724264250674,2481.49207165429
668,2,325.669655500624,85.5446342614796,445.932230995405
668,3,726.087454977362,290.836467529718,1061.5187953704
668,4,925.261558474967,355.645605176768,1882.33961472431
668,5,304.083300340003,161.050297302749,439.114849006106
668,11,767.911005342439,265.585889908696,1441.796358387
668,12,612.148046058809,203.999959204904,860.913029370807
668,13,128.206243556251,103.850979974938,165.006573176346
668,14,558.974414251509,262.367643545786,929.849426538729
668,15,3831.2148363317,1396.24114769941,6266.18852496398
669,1,988.704747259344,376.080790068632,1848.30734035889
669,2,647.080371518423,268.636557951578,1142.56808445769
669,3,738.608306364981,385.603812452182,1201.93349576968
669,4,106.814130106721,35.9998051611985,185.899121063825
669,11,90.1507390235723,64.058999851599,131.730049664768
669,12,673.415481613449,116.984314907185,1515.54104003116
669,13,652.687211174741,524.163186330655,815.795682210792
670,1,169.461969039245,61.7149280448939,250.338398254844
670,2,836.357620780093,303.037839656653,1492.6584522821
670,3,222.765358831738,75.6428622911521,324.078872714769
670,4,622.018656508213,263.417223633706,1255.30174041798
670,5,139.806799176573,95.9497222109831,162.147631578947
670,11,571.051177438676,380.301859089209,876.947381350909
670,12,842.12850015035,508.246368392143,1408.91032966272
670,14,762.649761043407,476.445989169813,960.189037857661
670,15,401.999483426289,317.975095292876,532.425299706262
671,1,866.314278303894,516.984756091216,1523.39675608838
671,2,1006.00191257873,454.406125342494,1875.56356878114
671,3,461.830984201788,86.9689695003104,1005.27017225131
671,4,273.584174606168,94.8396935803869,616.254895549808
671,5,753.258943067247,120.314506203492,1643.1186430189
671,11,1087.39394988397,89.6288172943469,2352.04273139047
671,12,1366.90631363621,547.172671344614,2356.137053426
671,13,881.374873239714,159.835399863018,2251.06889960066
671,14,799.330392029463,405.375465829453,1280.99995675654
671,15,834.080376198976,502.026772338482,1153.28949840349
672,1,1124.33704617376,973.343370668555,1337.52434468273
672,2,577.158467267946,332.595003987432,1001.17849466859
672,3,901.820595059699,350.935433351461,1265.17220407817
672,4,610.062314626307,522.928056983779,704.736744404467
672,5,888.005471066289,646.400842673008,1272.38214855319
672,6,1047.79595395371,569.738048245321,1851.15317330082
672,11,377.797288029721,66.6319070324763,713.607166169101
672,12,809.626935778897,133.961242359522,1555.42763621518
672,14,554.477722326317,506.747320417775,632.238266664336
672,15,316.776173698614,157.695619407605,452.994410393207
672,16,1081.69025678233,262.170088429529,2474.99456801489
672,35,108.049376503792,15.3863206108868,215.885339102436
673,1,726.032631674826,48.9731904579416,1555.64489282653
673,2,498.798692787002,57.0154830056831,1263.7104334935
673,3,731.918985053784,249.142114677219,1558.53969938518
673,4,284.869600993032,225.683768994683,354.398168191191
673,5,518.159588771102,180.728823551768,786.731625644304
673,6,723.577741300194,296.362267722043,1182.53232083348
673,7,459.097596249664,285.666309830499,701.39381820418
673,11,633.055758973749,202.527749013568,999.894815734293
673,12,478.625949727558,198.347149680979,840.181901125239
673,13,3445.98275514692,173.981365132306,9482.28829078588
673,14,1192.51411748437,849.449963836225,1525.70171183498
673,15,895.968019174061,638.526665101816,1133.18288317321
673,16,749.063137665838,341.585155409498,1273.30765252596
673,17,554.25744761607,52.1138693195863,1038.68944992499
673,31,818.509274500067,126.072480544087,1928.97556204638
673,35,486.054464632717,148.151387734735,1139.22990542351
674,1,1607.75367205626,923.539715062724,2194.62819206806
674,2,1401.63226925333,150.476963158973,3194.03686209164
674,3,1216.40111567211,226.944254317096,2823.96320196214
674,4,784.738488663983,324.909275953489,1151.07615351106
674,5,1143.85052041789,373.112135604182,1538.44611081773
674,11,980.090578892111,707.254630649943,1166.6136952054
674,13,417.453781914829,186.364350669886,548.176147739626
674,14,630.084132404627,483.415262264368,863.898993898071
674,15,1276.15829789419,201.318437472284,2835.77637841078
674,16,417.572365685763,202.97993892554,546.99850351933
675,1,330.354521491536,293.505309529854,396.399840991656
675,2,867.40334347378,296.075368500712,1422.23161872273
714,1,447.654716925849,259.215834124676,772.710703060932
714,11,138.474469840015,69.940362134464,225.774566516139
715,1,451.764240238622,306.460133025846,561.774907249674
715,2,135.361840532078,32.1419684842935,206.901360030921
715,11,588.489332724257,160.454665832941,1398.30508434397
715,35,721.252254679298,82.266770312426,1307.93015172814
716,11,65.2845200962274,27.6155232464282,104.76340494837
717,1,1113.50844370991,637.326774060001,1926.37523172858
718,1,259.756814293986,167.641247000732,427.442228685823
718,2,1355.21868772321,161.080681863211,2653.97447990938
718,11,215.826958056813,61.4659111228722,344.852937852236
718,12,438.54098139397,117.699817692162,976.752692724658
718,15,320.332718030332,320.332718030332,320.332718030332
719,1,234.278191315227,149.307446016571,311.796412340875
719,2,95.7320350357841,38.1612306428571,181.871276672542
719,11,36.4672967843104,17.8456140427382,63.9583455965038
720,1,595.320724513899,304.812444196599,1034.76695906001
720,2,437.781088966839,182.597867147943,900.281194276592
720,3,842.472772842704,523.200977471273,1476.47304690956
720,11,82.1564876585598,31.049215620438,135.97499555902
720,12,248.22724792305,51.8370836956732,552.313849744955
720,13,246.6094198404,182.044969117067,303.638646863121
720,14,328.146500010952,109.131632108458,510.709794978053
721,1,200.763343847623,96.474643872748,285.387135648087
721,11,1492.48800477107,1414.26402216893,1641.79733327427
721,12,564.866015121831,152.315148155496,837.41668353731
722,1,341.16457039286,170.952156609715,491.539047298351
722,2,185.704707444627,74.6390929552185,354.19209311367
722,3,277.400600876762,178.260426600784,468.217621949779
722,4,1041.82786778848,491.236813401054,1798.53345170706
722,5,466.038660776999,345.228518873831,576.92950515597
722,12,747.682134029912,507.116647542641,1087.78293216154
722,13,667.55492773298,502.775694784517,979.609848422582
722,14,33.0335577931017,16.5596438330281,54.9190411208044
722,16,202.357423716438,41.0461362576108,428.042876289654
723,1,160.662338753345,22.0612780047414,271.885304733045
723,2,380.96219623029,138.96594516838,622.75927851098
723,3,527.982943973667,67.8810822454155,1033.94548617716
723,4,673.628846003156,93.3406808238403,1171.89042977172
723,11,483.459393445405,60.0957076035915,716.089598506788
723,12,122.432434217156,33.7763787011118,229.43321423428
723,13,1086.26486401771,42.7598878721624,2194.21983397774
